time_s,theta_deg,m1_counts,m2_counts
0.0,0.0,0,0
0.01,0.0,0,0
0.02,0.0,0,0
0.03,0.0,0,0
0.04,0.0,0,0
0.05,0.0,0,0
0.061,0.0,0,0
0.073,0.0,0,0
0.084,0.0,0,0
0.097,0.0,0,0
0.107,0.0,0,0
0.12,0.0,0,0
0.13,0.0,0,0
0.141,0.0,0,0
0.154,0.0,0,0
0.164,0.0,0,0
0.177,0.0,0,0
0.188,0.0,0,0
0.2,0.0,0,0
0.211,0.0,0,0
0.223,0.0,0,0
0.234,0.0,0,0
0.247,0.0,0,0
0.258,0.0,0,0
0.27,0.0,0,0
0.28,0.0,0,0
0.291,0.0,0,0
0.304,0.0,0,0
0.315,0.0,0,0
0.328,0.0,0,0
0.338,0.0,0,0
0.348,0.0,0,0
0.358,0.0,0,0
0.37,0.0,0,0
0.381,0.0,0,0
0.391,0.0,0,0
0.401,0.0,0,0
0.411,0.0,0,0
0.424,0.0,0,0
0.435,0.0,0,0
0.448,0.0,0,0
0.458,0.0,0,0
0.468,0.0,0,0
0.478,0.0,0,0
0.488,0.0,0,0
0.498,0.0,0,0
0.508,0.0,0,0
0.52,0.0,0,0
0.531,0.0,0,0
0.541,0.0,0,0
0.551,0.0,0,0
0.562,0.0,0,0
0.574,0.0,0,0
0.584,0.0,0,0
0.598,0.0,0,0
0.608,0.0,0,0
0.621,0.0,0,0
0.631,0.0,0,0
0.641,0.0,0,0
0.651,0.0,0,0
0.662,0.0,0,0
0.674,0.0,0,0
0.685,0.0,0,0
0.698,0.0,0,0
0.708,0.0,0,0
0.721,0.0,0,0
0.731,0.0,0,0
0.741,0.0,0,0
0.751,0.0,0,0
0.762,0.0,0,0
0.774,0.0,0,0
0.785,0.0,0,0
0.798,0.0,0,0
0.809,0.0,0,0
0.821,0.0,0,0
0.831,0.0,0,0
0.841,0.0,0,0
0.852,0.0,0,0
0.862,0.0,0,0
0.875,0.0,0,0
0.885,0.0,0,0
0.898,0.0,0,0
0.909,0.0,0,0
0.921,0.0,0,0
0.932,0.0,0,0
0.942,0.0,0,0
0.952,0.0,0,0
0.963,0.0,0,0
0.973,0.0,0,0
0.985,0.0,0,0
0.995,0.0,0,0
1.005,0.0,0,0
1.016,0.0,0,0
1.029,0.0,0,0
1.039,0.0,0,0
1.049,0.0,0,0
1.06,0.0,0,0
1.073,0.0,0,0
1.085,0.0,0,0
1.098,0.0,0,0
1.109,0.0,0,0
1.121,0.0,0,0
1.132,0.0,0,0
1.142,0.0,0,0
1.152,0.0,0,0
1.163,0.0,0,0
1.176,0.0,0,0
1.186,0.0,0,0
1.199,0.0,0,0
1.209,0.0,0,0
1.222,0.0,0,0
1.232,0.0,0,0
1.242,0.0,0,0
1.253,0.0,0,0
1.265,0.0,0,0
1.275,0.0,0,0
1.285,0.0,0,0
1.295,0.0,0,0
1.306,0.0,0,0
1.316,0.0,0,0
1.326,0.0,0,0
1.336,0.0,0,0
1.346,0.0,0,0
1.358,0.0,0,0
1.368,0.0,0,0
1.379,0.0,0,0
1.389,0.0,0,0
1.399,0.0,0,0
1.409,0.0,0,0
1.419,0.0,0,0
1.429,0.0,0,0
1.44,0.0,0,8
1.453,0.0,0,34
1.464,0.0,0,66
1.478,0.0,0,117
1.489,0.0,0,168
1.499,0.0,0,220
1.51,0.0,0,277
1.522,0.0,0,354
1.533,0.0,0,421
1.543,0.0,0,487
1.553,0.0,0,562
1.565,0.0,0,644
1.578,0.0,0,747
1.589,0.0,0,832
1.599,0.0,0,908
1.609,0.0,0,993
1.619,0.0,0,1069
1.629,0.0,0,1156
1.64,0.0,0,1244
1.65,0.0,0,1328
1.661,0.0,0,1422
1.673,0.0,0,1530
1.683,0.0,0,1618
1.693,0.0,0,1707
1.704,0.0,0,1806
1.715,0.0,0,1901
1.728,0.0,0,2023
1.739,0.0,0,2123
1.749,0.0,0,2214
1.76,0.0,0,2311
1.773,0.0,0,2428
1.783,0.0,0,2522
1.793,0.0,0,2615
1.804,0.0,0,2713
1.814,0.0,0,2810
1.827,0.0,0,2927
1.838,0.0,0,3036
1.848,0.0,0,3128
1.859,0.0,0,3233
1.869,0.0,0,3322
1.879,0.0,0,3424
1.89,0.0,0,3522
1.9,0.0,0,3619
1.911,0.0,0,3719
1.923,0.0,0,3839
1.934,0.0,0,3939
1.944,0.0,0,4037
1.955,0.0,0,4144
1.967,0.0,0,4254
1.98,0.0,0,4377
1.99,0.0,0,4476
2.0,0.0,0,4574
2.011,0.0,0,4677
2.023,0.0,0,4797
2.034,0.0,0,4898
2.044,0.0,0,4994
2.055,0.0,0,5102
2.067,0.0,0,5214
2.08,0.0,0,5338
2.09,0.0,0,5438
2.1,0.0,0,5532
2.111,0.0,0,5636
2.123,0.0,0,5759
2.134,0.0,0,5863
2.144,0.0,0,5962
2.155,0.0,0,6067
2.166,0.0,0,6175
2.178,0.0,0,6288
2.189,0.0,0,6398
2.2,0.0,0,6499
2.211,0.0,0,6602
2.224,0.0,0,6727
2.234,0.0,0,6831
2.244,0.0,0,6928
2.255,0.0,0,7033
2.266,0.0,0,7136
2.278,0.0,0,7252
2.289,0.0202,0,7361
2.302,0.0502,0,7486
2.312,0.0783,0,7582
2.324,0.1185,0,7698
2.335,0.2094,0,7808
2.349,0.327,0,7939
2.36,0.4449,0,8046
2.371,0.6234,0,8156
2.382,0.8043,0,8265
2.393,0.9811,0,8366
2.404,1.193,0,8474
2.415,1.4157,0,8586
2.427,1.5713,0,8696
2.438,1.7253,0,8808
2.449,1.8064,0,8912
2.459,1.8755,0,9015
2.469,1.8926,0,9106
2.48,1.8992,0,9215
2.492,1.886,0,9330
2.502,1.8453,0,9432
2.512,1.8337,0,9529
2.524,1.8221,0,9643
2.536,1.8255,0,9753
2.547,1.8209,0,9859
2.557,1.8371,0,9961
2.567,1.8207,0,10055
2.578,1.8344,0,10165
2.589,1.8476,0,10270
2.599,1.863,0,10372
2.609,1.901,0,10469
2.619,1.9256,0,10562
2.63,1.9408,0,10669
2.641,1.9997,0,10781
2.652,2.0404,0,10887
2.663,2.1017,0,10991
2.675,2.1317,0,11104
2.686,2.1982,0,11214
2.697,2.2333,0,11321
2.707,2.2799,0,11421
2.719,2.314,0,11535
2.73,2.3363,0,11642
2.743,2.4064,0,11765
2.754,2.5,0,11876
2.766,2.6549,0,11990
2.778,2.801,0,12105
2.789,3.0029,0,12213
2.801,3.1849,0,12336
2.812,3.3755,0,12437
2.824,3.5761,0,12552
2.835,3.8098,0,12663
2.848,4.0069,0,12786
2.858,4.1756,0,12889
2.869,4.3898,0,12989
2.879,4.5951,0,13091
2.89,4.7679,0,13191
2.902,4.9588,0,13313
2.912,5.1209,0,13412
2.923,5.3101,0,13521
2.935,5.5401,0,13635
2.945,5.6482,0,13730
2.955,5.8585,0,13830
2.967,6.0143,0,13943
2.979,6.1219,0,14056
2.989,6.213,0,14159
3.001,6.2345,0,14273
3.013,6.2391,0,14386
3.024,6.1444,0,14496
3.035,5.9701,0,14608
3.045,5.8022,0,14705
3.055,5.6478,0,14794
3.067,5.5807,0,14913
3.078,5.6924,0,15025
3.09,5.9461,0,15140
3.101,6.2016,0,15250
3.113,6.3703,0,15361
3.125,6.4827,0,15477
3.136,6.6168,0,15587
3.146,6.7465,0,15681
3.156,6.8962,0,15782
3.167,7.0417,0,15884
3.179,7.1859,0,16001
3.189,7.3394,0,16105
3.199,7.4379,0,16195
3.209,7.5826,0,16295
3.219,7.7119,0,16393
3.23,7.842,0,16496
3.241,7.963,0,16608
3.253,8.097,0,16720
3.263,8.209,0,16823
3.275,8.3333,0,16940
3.287,8.4897,0,17049
3.297,8.6065,0,17154
3.308,8.7135,0,17257
3.32,8.8431,0,17369
3.331,8.9553,0,17481
3.343,9.0802,0,17592
3.353,9.1803,0,17697
3.364,9.2786,0,17801
3.376,9.3849,0,17915
3.387,9.5201,0,18022
3.398,9.6224,0,18127
3.408,9.7143,0,18231
3.42,9.8188,0,18342
3.431,9.9084,0,18452
3.442,10.0122,0,18558
3.453,10.0995,0,18668
3.464,10.1858,0,18772
3.476,10.2843,0,18887
3.487,10.4079,0,18995
3.498,10.5012,0,19100
3.508,10.5812,0,19203
3.518,10.6623,0,19292
3.529,10.7566,0,19404
3.54,10.8718,0,19509
3.55,10.9586,0,19607
3.561,11.048,0,19713
3.572,11.1497,0,19822
3.584,11.25,0,19933
3.596,11.3656,0,20051
3.606,11.4572,0,20154
3.618,11.5853,0,20263
3.629,11.6891,0,20376
3.64,11.8282,0,20483
3.653,11.9405,0,20603
3.663,12.0379,0,20704
3.675,12.1817,0,20822
3.687,12.3078,0,20934
3.699,12.4648,0,21053
3.709,12.572,0,21153
3.719,12.6912,0,21252
3.73,12.86,0,21357
3.74,12.9618,0,21449
3.751,13.1183,0,21561
3.764,13.2681,0,21684
3.776,13.4108,0,21797
3.787,13.5391,0,21907
3.799,13.7053,0,22027
3.81,13.8283,0,22129
3.82,13.9535,0,22226
3.83,14.115,0,22330
3.84,14.2127,0,22421
3.851,14.3741,0,22529
3.864,14.5469,0,22653
3.876,14.7081,0,22772
3.887,14.8965,0,22881
3.899,15.0575,0,22999
3.91,15.1965,0,23100
3.92,15.3301,0,23197
3.93,15.5051,0,23301
3.94,15.6064,0,23392
3.95,15.7351,0,23491
3.962,15.788,0,23605
3.974,15.8373,0,23721
3.984,15.9441,0,23825
3.995,16.0753,0,23923
4.007,16.2319,0,24047
4.017,16.3378,0,24146
4.029,16.4564,0,24262
4.04,16.5768,0,24366
4.051,16.7027,0,24470
4.063,16.8073,0,24584
4.076,16.9403,0,24709
4.087,17.0756,0,24821
4.099,17.2175,0,24940
4.109,17.3189,0,25037
4.121,17.4727,0,25147
4.132,17.5945,0,25257
4.143,17.709,0,25364
4.153,17.7979,0,25460
4.163,17.9069,0,25562
4.176,18.0497,0,25681
4.186,18.1004,0,25777
4.197,18.2636,0,25888
4.207,18.3757,0,25987
4.217,18.4929,0,26079
4.228,18.6477,0,26188
4.24,18.7632,0,26300
4.251,18.9076,0,26410
4.261,19.0223,0,26501
4.273,19.155,0,26617
4.284,19.2715,0,26723
4.296,19.383,0,26842
4.306,19.4965,0,26935
4.318,19.6585,0,27056
4.33,19.784,0,27169
4.341,19.9306,0,27275
4.351,20.0495,0,27371
4.362,20.1593,0,27476
4.373,20.2798,0,27587
4.384,20.3881,0,27695
4.396,20.5144,0,27813
4.407,20.6224,0,27918
4.419,20.7658,0,28028
4.43,20.883,0,28138
4.441,21.0337,0,28244
4.453,21.1574,0,28358
4.463,21.2701,0,28460
4.473,21.3878,0,28550
4.484,21.5292,0,28656
4.496,21.6457,0,28778
4.509,21.808,0,28900
4.521,21.936,0,29015
4.532,22.086,0,29122
4.543,22.2061,0,29228
4.554,22.3393,0,29338
4.566,22.4658,0,29448
4.577,22.5987,0,29561
4.588,22.7461,0,29667
4.6,22.8599,0,29783
4.61,22.961,0,29878
4.621,23.1131,0,29988
4.631,23.1995,0,30076
4.641,23.3331,0,30180
4.653,23.4599,0,30293
4.666,23.5985,0,30418
4.677,23.7305,0,30526
4.688,23.889,0,30636
4.7,24.0135,0,30752
4.71,24.1266,0,30844
4.721,24.2734,0,30955
4.732,24.3886,0,31058
4.743,24.5024,0,31166
4.755,24.6234,0,31286
4.765,24.7251,0,31376
4.776,24.8435,0,31489
4.786,24.9537,0,31586
4.798,25.0709,0,31695
4.808,25.1644,0,31793
4.82,25.3129,0,31916
4.831,25.4397,0,32021
4.842,25.5729,0,32126
4.854,25.6822,0,32237
4.864,25.7828,0,32334
4.876,25.9146,0,32454
4.887,26.0399,0,32556
4.898,26.1459,0,32666
4.908,26.2318,0,32764
4.92,26.3905,0,32884
4.931,26.5116,0,32989
4.942,26.6361,0,33092
4.953,26.7475,0,33201
4.963,26.8491,0,33295
4.974,26.9815,0,33405
4.985,27.0896,0,33514
4.997,27.192,0,33629
5.01,27.3395,0,33751
5.021,27.4601,0,33864
5.032,27.5904,0,33969
5.043,27.7065,0,34077
5.053,27.8126,0,34165
5.065,27.9513,0,34288
5.077,28.0816,0,34400
5.087,28.1927,0,34503
5.097,28.2909,0,34593
5.109,28.4159,0,34713
5.121,28.5577,0,34827
5.132,28.6735,0,34932
5.142,28.8118,0,35037
5.155,28.9317,0,35156
5.165,29.0373,0,35255
5.177,29.1717,0,35369
5.187,29.2991,0,35470
5.199,29.4189,0,35585
5.209,29.5192,0,35682
5.219,29.6271,0,35777
5.23,29.7925,0,35883
5.241,29.9265,0,35993
5.252,30.0667,0,36100
5.262,30.1735,0,36194
5.272,30.2655,0,36292
5.282,30.4122,0,36394
5.293,30.5331,0,36500
5.305,30.6612,0,36614
5.317,30.7914,0,36726
5.328,30.9217,0,36835
5.338,31.0031,0,36929
5.349,31.189,0,37044
5.359,31.281,0,37133
5.37,31.4521,0,37245
5.381,31.5813,0,37351
5.392,31.7068,0,37454
5.403,31.8523,0,37557
5.414,31.9827,0,37663
5.425,32.1304,0,37773
5.436,32.2508,0,37884
5.449,32.3869,0,38003
5.459,32.5136,0,38107
5.469,32.618,0,38203
5.48,32.7846,0,38310
5.491,32.9193,0,38416
5.502,33.0451,0,38518
5.513,33.2007,0,38629
5.523,33.319,0,38717
5.534,33.4457,0,38823
5.545,33.5706,0,38930
5.556,33.7142,0,39040
5.567,33.8389,0,39152
5.579,33.9715,0,39264
5.59,34.1216,0,39369
5.601,34.2526,0,39472
5.612,34.3742,0,39580
5.624,34.5186,0,39695
5.634,34.6569,0,39801
5.644,34.7587,0,39890
5.656,34.8944,0,40011
5.666,35.0038,0,40103
5.678,35.123,0,40222
5.689,35.2519,0,40333
5.701,35.4006,0,40450
5.711,35.5051,0,40541
5.722,35.6587,0,40653
5.732,35.7478,0,40742
5.743,35.8803,0,40849
5.754,35.9914,0,40959
5.764,36.0952,0,41055
5.774,36.2038,0,41150
5.785,36.3245,0,41256
5.796,36.45,0,41362
5.809,36.5693,0,41498
5.819,36.6766,0,41589
5.83,36.8316,0,41701
5.842,36.9448,0,41812
5.853,37.0848,0,41922
5.863,37.195,0,42013
5.873,37.2852,0,42110
5.884,37.4172,0,42219
5.895,37.5329,0,42324
5.907,37.6616,0,42449
5.92,37.7875,0,42573
5.932,37.9248,0,42684
5.943,38.0475,0,42791
5.953,38.1831,0,42889
5.964,38.3013,0,42998
5.974,38.4084,0,43093
5.985,38.5305,0,43197
5.995,38.6617,0,43299
6.006,38.7776,0,43405
6.018,38.8953,0,43519
6.029,39.0151,0,43629
6.041,39.1651,0,43743
6.051,39.2889,0,43840
6.062,39.4079,0,43950
6.072,39.509,0,44046
6.083,39.6385,0,44150
6.093,39.7914,0,44253
6.104,39.9176,0,44357
6.115,40.039,0,44463
6.125,40.1476,0,44558
6.135,40.2896,0,44662
6.148,40.4063,0,44784
6.159,40.523,0,44894
6.171,40.6847,0,45010
6.182,40.8125,0,45118
6.193,40.9256,0,45222
6.205,41.0514,0,45336
6.215,41.1715,0,45439
6.225,41.2822,0,45533
6.237,41.4119,0,45647
6.249,41.5304,0,45764
6.26,41.6625,0,45876
6.272,41.8045,0,45994
6.283,41.9479,0,46100
6.294,42.073,0,46210
6.306,42.1971,0,46318
6.316,42.3363,0,46416
6.329,42.4532,0,46541
6.34,42.5845,0,46657
6.351,42.7419,0,46761
6.362,42.8716,0,46870
6.372,42.9779,0,46966
6.383,43.1143,0,47070
6.393,43.2641,0,47172
6.404,43.397,0,47270
6.415,43.5206,0,47381
6.425,43.6359,0,47474
6.435,43.7724,0,47579
6.445,43.8888,0,47669
6.456,44.0229,0,47778
6.467,44.1637,0,47886
6.479,44.2913,0,48004
6.49,44.4233,0,48113
6.501,44.5468,0,48221
6.512,44.697,0,48328
6.522,44.8152,0,48422
6.533,44.9456,0,48527
6.544,45.0777,0,48634
6.554,45.2193,0,48731
6.565,45.3457,0,48840
6.575,45.4611,0,48935
6.586,45.5912,0,49042
6.598,45.7183,0,49165
6.61,45.8407,0,49273
6.621,45.9749,0,49385
6.632,46.1104,0,49496
6.644,46.2254,0,49604
6.654,46.3349,0,49703
6.664,46.4657,0,49803
6.674,46.5544,0,49896
6.685,46.687,0,50004
6.696,46.8005,0,50109
6.706,46.9189,0,50207
6.716,47.0274,0,50308
6.729,47.1435,0,50435
6.741,47.2683,0,50552
6.751,47.3811,0,50653
6.762,47.4923,0,50755
6.774,47.636,0,50869
6.785,47.7725,0,50978
6.796,47.8898,0,51083
6.806,47.9961,0,51182
6.816,48.1037,0,51283
6.826,48.2033,0,51374
6.837,48.3319,0,51489
6.849,48.4472,0,51598
6.859,48.552,0,51704
6.872,48.6582,0,51822
6.883,48.8052,0,51931
6.894,48.9232,0,52036
6.904,49.0399,0,52133
6.914,49.1457,0,52236
6.924,49.2413,0,52328
6.935,49.3763,0,52438
6.946,49.4927,0,52546
6.956,49.6039,0,52645
6.967,49.7148,0,52747
6.979,49.8392,0,52871
6.991,49.9441,0,52981
7.002,50.0557,0,53087
7.012,50.1665,0,53190
7.022,50.262,0,53282
7.033,50.3997,0,53391
7.044,50.5148,0,53499
7.054,50.6203,0,53598
7.065,50.7235,0,53699
7.076,50.8461,0,53814
7.087,50.9665,0,53922
7.098,51.0741,0,54025
7.109,51.1834,0,54135
7.121,51.2872,0,54251
7.133,51.4322,0,54365
7.144,51.5487,0,54470
7.154,51.6569,0,54568
7.164,51.7642,0,54671
7.174,51.8622,0,54763
7.185,51.9965,0,54872
7.196,52.1126,0,54977
7.206,52.218,0,55075
7.217,52.3227,0,55179
7.23,52.4414,0,55305
7.241,52.5589,0,55418
7.252,52.6573,0,55522
7.262,52.7565,0,55625
7.272,52.8419,0,55714
7.283,52.9712,0,55826
7.294,53.0776,0,55930
7.304,53.1808,0,56028
7.315,53.28,0,56132
7.326,53.3975,0,56245
7.338,53.512,0,56355
7.348,53.6121,0,56460
7.36,53.7052,0,56570
7.372,53.8049,0,56688
7.383,53.9309,0,56800
7.394,54.0384,0,56905
7.404,54.1391,0,57003
7.415,54.2379,0,57107
7.426,54.3561,0,57219
7.438,54.4662,0,57332
7.449,54.568,0,57435
7.46,54.6733,0,57545
7.472,54.7741,0,57663
7.483,54.8803,0,57773
7.494,55.0083,0,57878
7.504,55.1162,0,57977
7.515,55.2171,0,58082
7.526,55.3315,0,58194
7.536,55.4064,0,58282
7.546,55.5242,0,58388
7.556,55.6237,0,58485
7.567,55.7221,0,58591
7.58,55.8391,0,58715
7.591,55.9439,0,58825
7.602,56.0509,0,58929
7.613,56.1488,0,59036
7.624,56.2803,0,59147
7.636,56.3899,0,59257
7.647,56.5161,0,59364
7.657,56.619,0,59469
7.67,56.7349,0,59593
7.683,56.8449,0,59716
7.694,56.9804,0,59825
7.705,57.0904,0,59933
7.716,57.2127,0,60038
7.726,57.3103,0,60138
7.737,57.4221,0,60246
7.749,57.5406,0,60357
7.76,57.647,0,60469
7.773,57.7503,0,60591
7.784,57.8903,0,60699
7.795,57.9988,0,60805
7.806,58.1067,0,60915
7.816,58.2138,0,61013
7.826,58.3141,0,61112
7.837,58.4221,0,61215
7.848,58.5298,0,61326
7.861,58.623,0,61456
7.871,58.7033,0,61549
7.883,58.7972,0,61670
7.894,58.9219,0,61776
7.905,59.0193,0,61882
7.915,59.1009,0,61974
7.927,59.2093,0,62090
7.939,59.3145,0,62211
7.95,59.404,0,62320
7.961,59.4854,0,62421
7.971,59.5686,0,62521
7.984,59.6683,0,62647
7.995,59.7801,0,62752
8.006,59.8689,0,62862
8.016,59.9471,0,62957
8.027,60.0573,0,63068
8.039,60.1485,0,63186
8.05,60.2443,0,63295
8.061,60.3265,0,63397
8.071,60.4125,0,63494
8.084,60.5132,0,63621
8.095,60.6266,0,63726
8.106,60.7194,0,63834
8.117,60.8253,0,63945
8.127,60.9091,0,64040
8.139,60.9998,0,64159
8.15,61.0979,0,64267
8.161,61.1706,0,64372
8.171,61.2672,0,64471
8.184,61.3763,0,64599
8.195,61.4946,0,64705
8.206,61.5874,0,64814
8.217,61.6618,0,64914
8.227,61.743,0,65015
8.239,61.822,0,65134
8.251,61.9106,0,65250
8.261,61.9873,0,65352
8.272,62.0774,0,65449
8.284,62.1808,0,65576
8.295,62.3058,0,65678
8.305,62.4029,0,65776
8.316,62.5022,0,65883
8.327,62.614,0,65993
8.337,62.685,0,66084
8.348,62.7931,0,66190
8.361,62.9072,0,66319
8.373,62.9977,0,66440
8.385,63.1053,0,66551
8.395,63.2219,0,66654
8.405,63.3264,0,66751
8.416,63.4262,0,66857
8.427,63.5491,0,66969
8.437,63.6293,0,67060
8.448,63.7579,0,67166
8.458,63.8679,0,67264
8.469,63.9776,0,67370
8.481,64.1012,0,67494
8.493,64.2111,0,67605
8.503,64.3225,0,67707
8.514,64.4259,0,67812
8.525,64.5687,0,67924
8.535,64.6439,0,68014
8.546,64.78,0,68120
8.556,64.8924,0,68218
8.566,65.0015,0,68324
8.576,65.0974,0,68413
8.587,65.2096,0,68524
8.598,65.3167,0,68627
8.608,65.4397,0,68725
8.618,65.5478,0,68829
8.628,65.6448,0,68921
8.64,65.7478,0,69038
8.65,65.8587,0,69138
8.661,65.9606,0,69243
8.673,66.0583,0,69366
8.685,66.1649,0,69477
8.695,66.2606,0,69581
8.706,66.3729,0,69679
8.717,66.4773,0,69789
8.727,66.562,0,69889
8.738,66.679,0,69993
8.749,66.771,0,70106
8.763,66.866,0,70235
8.776,66.957,0,70363
8.787,67.0623,0,70474
8.798,67.1655,0,70577
8.808,67.2462,0,70676
8.818,67.3216,0,70774
8.828,67.399,0,70872
8.84,67.4815,0,70990
8.85,67.556,0,71088
8.863,67.6394,0,71214
8.873,67.7103,0,71308
8.885,67.7996,0,71427
8.896,67.879,0,71532
8.906,67.9799,0,71631
8.916,68.0554,0,71727
8.926,68.1314,0,71825
8.937,68.2159,0,71936
8.948,68.2942,0,72041
8.958,68.3879,0,72142
8.968,68.4652,0,72235
8.978,68.5404,0,72334
8.99,68.6251,0,72444
9.0,68.7051,0,72549
9.013,68.7935,0,72674
9.023,68.8701,0,72768
9.035,68.9584,0,72889
9.046,69.0409,0,72994
9.056,69.1394,0,73095
9.066,69.2134,0,73189
9.076,69.2646,0,73288
9.088,69.3657,0,73398
9.098,69.4467,0,73502
9.109,69.5381,0,73605
9.123,69.6284,0,73744
9.135,69.7157,0,73864
9.146,69.7943,0,73969
9.157,69.8973,0,74070
9.168,69.9954,0,74184
9.179,70.0585,0,74284
9.19,70.1631,0,74394
9.201,70.2553,0,74498
9.215,70.3492,0,74638
9.227,70.4741,0,74752
9.238,70.5746,0,74860
9.249,70.683,0,74968
9.259,70.7739,0,75065
9.27,70.8637,0,75178
9.28,70.9511,0,75272
9.291,71.0504,0,75382
9.303,71.1565,0,75491
9.313,71.1993,0,75587
9.326,71.3381,0,75720
9.336,71.4399,0,75810
9.347,71.5565,0,75917
9.357,71.6841,0,76014
9.367,71.7848,0,76114
9.377,71.8496,0,76209
9.388,71.9654,0,76317
9.399,72.0708,0,76420
9.409,72.1641,0,76518
9.419,72.2789,0,76617
9.429,72.3526,0,76712
9.441,72.4693,0,76832
9.451,72.5768,0,76929
9.462,72.6757,0,77037
9.475,72.7698,0,77163
9.486,72.8726,0,77270
9.497,72.9934,0,77374
9.507,73.095,0,77473
9.518,73.1879,0,77581
9.529,73.2687,0,77680
9.54,73.3844,0,77789
9.551,73.478,0,77896
9.562,73.5666,0,78005
9.575,73.667,0,78127
9.586,73.767,0,78238
9.597,73.8562,0,78343
9.607,73.9652,0,78446
9.617,74.0206,0,78538
9.627,74.0918,0,78638
9.638,74.2023,0,78743
9.649,74.2897,0,78851
9.66,74.3833,0,78959
9.674,74.4753,0,79096
9.686,74.5596,0,79209
9.697,74.6462,0,79314
9.707,74.7461,0,79417
9.717,74.7972,0,79513
9.727,74.8688,0,79612
9.738,74.9796,0,79720
9.749,75.0648,0,79827
9.759,75.1349,0,79915
9.769,75.2084,0,80017
9.779,75.2845,0,80118
9.79,75.3804,0,80224
9.801,75.4574,0,80329
9.815,75.5453,0,80459
9.828,75.6286,0,80585
9.838,75.7298,0,80690
9.849,75.8129,0,80797
9.86,75.9078,0,80901
9.87,75.967,0,80994
9.88,76.0357,0,81093
9.89,76.1327,0,81198
9.901,76.2106,0,81302
9.915,76.298,0,81431
9.928,76.3722,0,81558
9.938,76.4745,0,81664
9.949,76.5584,0,81771
9.96,76.6511,0,81877
9.97,76.7251,0,81969
9.98,76.784,0,82067
9.991,76.8763,0,82171
10.001,76.954,0,82276
10.015,77.0268,0,82406
10.025,77.0903,0,82502
10.036,77.1717,0,82616
10.047,77.2547,0,82724
10.058,77.3444,0,82829
10.068,77.3904,0,82923
10.078,77.4549,0,83020
10.089,77.5522,0,83125
10.099,77.6238,0,83230
10.11,77.7045,0,83335
10.12,77.7567,0,83430
10.13,77.8212,0,83528
10.141,77.9126,0,83638
10.152,77.9908,0,83740
10.165,78.0647,0,83869
10.175,78.1354,0,83964
10.187,78.2201,0,84078
10.198,78.3117,0,84186
10.209,78.4156,0,84295
10.219,78.4921,0,84393
10.229,78.5667,0,84494
10.241,78.6698,0,84606
10.252,78.7548,0,84713
10.262,78.8354,0,84811
10.275,78.9174,0,84939
10.287,79.0047,0,85054
10.297,79.1021,0,85157
10.308,79.1868,0,85257
10.318,79.2673,0,85359
10.328,79.3396,0,85457
10.339,79.4487,0,85562
10.35,79.5337,0,85669
10.362,79.6236,0,85785
10.372,79.701,0,85882
10.382,79.7807,0,85977
10.393,79.8677,0,86087
10.403,79.9565,0,86186
10.415,80.0217,0,86299
10.428,80.11,0,86432
10.439,80.1993,0,86536
10.45,80.304,0,86643
10.461,80.399,0,86750
10.471,80.4598,0,86849
10.482,80.5352,0,86950
10.492,80.6309,0,87057
10.503,80.7078,0,87157
10.514,80.7749,0,87266
10.524,80.8443,0,87365
10.534,80.9137,0,87461
10.546,80.9914,0,87576
10.557,81.0749,0,87688
10.568,81.1471,0,87791
10.578,81.2179,0,87894
10.589,81.3024,0,87999
10.6,81.3963,0,88105
10.613,81.4894,0,88227
10.623,81.562,0,88330
10.634,81.6339,0,88434
10.646,81.7096,0,88549
10.657,81.7945,0,88660
10.668,81.8668,0,88762
10.678,81.934,0,88868
10.689,82.018,0,88973
10.7,82.1149,0,89076
10.711,82.1895,0,89182
10.721,82.251,0,89280
10.731,82.3201,0,89383
10.743,82.4172,0,89498
10.754,82.4965,0,89599
10.765,82.5637,0,89707
10.776,82.6333,0,89814
10.788,82.7181,0,89930
10.798,82.7997,0,90037
10.808,82.8619,0,90126
10.818,82.9354,0,90229
10.828,83.0032,0,90327
10.839,83.0896,0,90435
10.849,83.159,0,90526
10.86,83.2629,0,90637
10.87,83.3354,0,90738
10.882,83.4079,0,90847
10.893,83.5036,0,90954
10.903,83.585,0,91051
10.913,83.6569,0,91154
10.924,83.7288,0,91258
10.934,83.7997,0,91358
10.946,83.8761,0,91478
10.958,83.9591,0,91590
10.968,84.0305,0,91692
10.979,84.1036,0,91795
10.99,84.2057,0,91902
11.0,84.2842,0,92004
11.012,84.3583,0,92117
11.023,84.4208,0,92223
11.034,84.4987,0,92327
11.046,84.5721,0,92448
11.057,84.6516,0,92554
11.068,84.7108,0,92662
11.078,84.7849,0,92758
11.089,84.879,0,92870
11.1,84.9781,0,92976
11.111,85.058,0,93081
11.121,85.1297,0,93181
11.132,85.2077,0,93281
11.143,85.2913,0,93390
11.153,85.3818,0,93487
11.164,85.4545,0,93586
11.175,85.529,0,93687
11.185,85.6043,0,93779
11.196,85.6877,0,93881
11.209,85.7765,0,94004
11.219,85.8452,0,94097
11.23,85.913,0,94190
11.24,85.9936,0,94286
11.251,86.0876,0,94382
11.262,86.1622,0,94483
11.272,86.2199,0,94574
11.284,86.2836,0,94673
11.295,86.3739,0,94774
11.305,86.4526,0,94858
11.316,86.5204,0,94954
11.326,86.5912,0,95039
11.338,86.6722,0,95143
11.349,86.7549,0,95239
11.359,86.8139,0,95317
11.369,86.8802,0,95405
11.38,86.9518,0,95495
11.39,87.0514,0,95585
11.401,87.1257,0,95670
11.412,87.1975,0,95760
11.422,87.2608,0,95845
11.433,87.3287,0,95933
11.444,87.4027,0,96026
11.454,87.4783,0,96110
11.465,87.5434,0,96198
11.476,87.6109,0,96284
11.486,87.6825,0,96363
11.497,87.7585,0,96451
11.508,87.8267,0,96538
11.519,87.8817,0,96626
11.529,87.9443,0,96706
11.54,88.0254,0,96794
11.551,88.0931,0,96877
11.562,88.1682,0,96963
11.572,88.2279,0,97045
11.584,88.2898,0,97133
11.595,88.3691,0,97223
11.606,88.4389,0,97305
11.617,88.4889,0,97388
11.627,88.5443,0,97467
11.637,88.5971,0,97541
11.648,88.6643,0,97625
11.659,88.7219,0,97710
11.67,88.7736,0,97790
11.681,88.828,0,97869
11.692,88.9123,0,97951
11.703,88.9785,0,98034
11.715,89.0516,0,98126
11.725,89.1067,0,98185
11.735,89.1629,0,98234
11.747,89.2202,0,98278
11.76,89.2841,0,98315
11.77,89.3191,0,98337
11.781,89.3516,0,98354
11.791,89.3777,0,98365
11.801,89.4034,0,98374
11.811,89.4171,0,98379
11.821,89.4248,0,98384
11.832,89.431,0,98387
11.845,89.4386,0,98389
11.859,89.4495,0,98389
11.87,89.4526,0,98389
11.88,89.4619,0,98389
11.892,89.4691,0,98389
11.902,89.4755,0,98388
11.912,89.4801,0,98388
11.922,89.4821,0,98387
11.932,89.4819,0,98386
11.945,89.4818,0,98385
11.959,89.4831,0,98385
11.97,89.4818,0,98385
11.98,89.4864,0,98385
11.991,89.4936,0,98385
12.002,89.4986,0,98385
12.015,89.5053,0,98385
12.025,89.5129,0,98385
12.035,89.517,0,98385
12.045,89.5234,0,98385
12.059,89.5276,0,98385
12.069,89.5352,0,98385
12.08,89.5378,0,98385
12.092,89.5466,0,98385
12.102,89.5514,0,98385
12.112,89.5565,0,98385
12.122,89.5601,0,98385
12.132,89.5634,0,98385
12.142,89.5675,0,98385
12.152,89.5726,0,98385
12.162,89.5774,0,98385
12.172,89.5826,0,98385
12.182,89.5896,0,98385
12.192,89.5935,0,98385
12.202,89.5963,0,98385
12.212,89.6004,0,98385
12.222,89.6051,0,98385
12.232,89.6087,0,98385
12.242,89.6101,0,98385
12.252,89.6136,0,98385
12.262,89.6184,0,98385
12.272,89.6231,0,98385
12.282,89.6283,0,98385
12.292,89.6318,0,98385
12.302,89.6362,0,98385
12.312,89.6394,0,98385
12.322,89.6435,0,98385
12.332,89.6485,0,98385
12.342,89.6516,0,98385
12.352,89.6559,0,98385
12.362,89.6607,0,98385
12.372,89.6655,0,98385
12.383,89.6691,0,98385
12.396,89.6758,0,98385
12.41,89.68,0,98385
12.42,89.6841,0,98385
12.43,89.6888,0,98385
12.44,89.6904,0,98385
12.45,89.6974,0,98385
12.462,89.7017,0,98385
12.472,89.706,0,98385
12.483,89.7092,0,98385
12.495,89.7106,0,98385
12.505,89.7109,0,98385
12.516,89.7118,0,98385
12.526,89.7146,0,98385
12.536,89.7188,0,98385
12.546,89.7209,0,98385
12.56,89.725,0,98385
12.57,89.7296,0,98385
12.58,89.7311,0,98385
12.592,89.737,0,98385
12.603,89.7401,0,98385
12.616,89.7439,0,98385
12.626,89.7485,0,98385
12.636,89.751,0,98385
12.646,89.7519,0,98385
12.66,89.7555,0,98385
12.67,89.7599,0,98385
12.68,89.7615,0,98385
12.692,89.7673,0,98385
12.703,89.7704,0,98385
12.713,89.773,0,98385
12.723,89.7771,0,98385
12.733,89.7803,0,98385
12.743,89.783,0,98385
12.753,89.7858,0,98385
12.763,89.7867,0,98385
12.773,89.7871,0,98385
12.783,89.7872,0,98385
12.796,89.7872,0,98384
12.81,89.7872,0,98370
12.821,89.7872,0,98348
12.831,89.7872,0,98318
12.842,89.7809,0,98278
12.853,89.7583,0,98227
12.863,89.7469,0,98179
12.873,89.717,0,98123
12.884,89.6883,0,98063
12.894,89.6569,0,97997
12.905,89.6324,0,97929
12.915,89.6023,0,97855
12.925,89.5771,0,97789
12.936,89.5472,0,97705
12.948,89.5102,0,97619
12.96,89.4755,0,97520
12.972,89.4567,0,97430
12.982,89.4299,0,97346
12.993,89.4043,0,97254
13.004,89.3657,0,97165
13.015,89.3393,0,97074
13.027,89.3023,0,96973
13.037,89.2745,0,96885
13.048,89.2605,0,96788
13.061,89.2377,0,96679
13.072,89.2262,0,96581
13.083,89.2097,0,96485
13.094,89.1623,0,96390
13.104,89.1322,0,96296
13.115,89.1088,0,96198
13.127,89.075,0,96091
13.137,89.0411,0,95999
13.149,89.0101,0,95897
13.159,88.9823,0,95805
13.17,88.9333,0,95699
13.181,88.9066,0,95602
13.192,88.8689,0,95500
13.203,88.8236,0,95404
13.213,88.7686,0,95304
13.225,88.7008,0,95200
13.235,88.6482,0,95107
13.246,88.5882,0,95002
13.256,88.5278,0,94910
13.267,88.4681,0,94805
13.278,88.3998,0,94709
13.288,88.3145,0,94617
13.298,88.2295,0,94520
13.311,88.1365,0,94396
13.321,88.0774,0,94303
13.331,88.0103,0,94208
13.342,87.9212,0,94106
13.354,87.8314,0,94000
13.364,87.7659,0,93906
13.374,87.6967,0,93809
13.384,87.6261,0,93714
13.395,87.5172,0,93616
13.405,87.4338,0,93520
13.418,87.3596,0,93398
13.431,87.2705,0,93270
13.442,87.1833,0,93167
13.453,87.0925,0,93062
13.464,87.0268,0,92966
13.474,86.9618,0,92869
13.484,86.8883,0,92771
13.495,86.7803,0,92673
13.505,86.6958,0,92578
13.518,86.6212,0,92457
13.528,86.5535,0,92362
13.538,86.4825,0,92267
13.55,86.3863,0,92157
13.561,86.308,0,92050
13.571,86.2365,0,91950
13.582,86.162,0,91854
13.593,86.0727,0,91750
13.603,85.9846,0,91653
13.614,85.906,0,91545
13.624,85.8402,0,91450
13.635,85.7662,0,91353
13.646,85.6613,0,91244
13.656,85.5798,0,91147
13.667,85.5092,0,91043
13.678,85.4354,0,90945
13.688,85.361,0,90846
13.699,85.2624,0,90747
13.712,85.1644,0,90624
13.722,85.1042,0,90529
13.732,85.0353,0,90434
13.743,84.9431,0,90330
13.754,84.8564,0,90219
13.764,84.7881,0,90127
13.775,84.7124,0,90029
13.785,84.6377,0,89933
13.795,84.5261,0,89835
13.805,84.4614,0,89738
13.815,84.3993,0,89650
13.825,84.3257,0,89554
13.835,84.2517,0,89457
13.846,84.1435,0,89349
13.857,84.0583,0,89251
13.868,83.9887,0,89146
13.878,83.9147,0,89048
13.888,83.8393,0,88950
13.899,83.7365,0,88850
13.912,83.639,0,88728
13.922,83.5786,0,88633
13.932,83.5094,0,88537
13.943,83.417,0,88433
13.955,83.3272,0,88323
13.968,83.2227,0,88199
13.978,83.1447,0,88099
13.988,83.0678,0,88002
13.999,82.9682,0,87902
14.011,82.87,0,87784
14.022,82.8098,0,87684
14.032,82.7388,0,87588
14.043,82.6521,0,87484
14.055,82.5615,0,87373
14.065,82.4959,0,87279
14.075,82.422,0,87182
14.085,82.3425,0,87086
14.096,82.234,0,86986
14.106,82.1517,0,86892
14.118,82.0745,0,86769
14.128,82.0043,0,86674
14.139,81.9333,0,86577
14.15,81.837,0,86467
14.16,81.7573,0,86373
14.172,81.6896,0,86264
14.182,81.6163,0,86165
14.193,81.5272,0,86060
14.203,81.4493,0,85963
14.215,81.3819,0,85854
14.225,81.3161,0,85757
14.236,81.242,0,85658
14.247,81.139,0,85550
14.257,81.0581,0,85454
14.268,80.9895,0,85351
14.279,80.9192,0,85250
14.289,80.8491,0,85152
14.299,80.7733,0,85055
14.312,80.6788,0,84934
14.322,80.6106,0,84835
14.333,80.5401,0,84739
14.343,80.4507,0,84635
14.353,80.3738,0,84547
14.364,80.2891,0,84442
14.375,80.2189,0,84335
14.386,80.1413,0,84233
14.397,80.0275,0,84132
14.407,79.9366,0,84037
14.417,79.8668,0,83937
14.429,79.7916,0,83829
14.439,79.7111,0,83727
14.451,79.6036,0,83619
14.461,79.5174,0,83522
14.472,79.4427,0,83415
14.483,79.3645,0,83316
14.494,79.2644,0,83213
14.504,79.173,0,83110
14.516,79.0721,0,82998
14.526,78.9926,0,82902
14.537,78.9106,0,82802
14.549,78.8198,0,82689
14.559,78.7391,0,82590
14.569,78.6669,0,82495
14.579,78.5855,0,82398
14.59,78.5041,0,82299
14.601,78.3983,0,82194
14.611,78.3093,0,82096
14.622,78.2346,0,81991
14.633,78.1479,0,81894
14.644,78.041,0,81788
14.655,77.9479,0,81678
14.668,77.8446,0,81560
14.679,77.7668,0,81452
14.69,77.6826,0,81352
14.701,77.5732,0,81246
14.713,77.4589,0,81128
14.725,77.3738,0,81014
14.736,77.2961,0,80913
14.747,77.1762,0,80806
14.757,77.081,0,80710
14.768,77.0043,0,80611
14.779,76.9268,0,80504
14.79,76.8438,0,80402
14.801,76.7377,0,80295
14.811,76.6441,0,80201
14.822,76.5662,0,80095
14.833,76.483,0,79996
14.844,76.3833,0,79888
14.855,76.2854,0,79780
14.868,76.1761,0,79662
14.879,76.0935,0,79556
14.89,76.0142,0,79453
14.901,75.9063,0,79346
14.911,75.8172,0,79254
14.922,75.7387,0,79147
14.933,75.6593,0,79048
14.944,75.5547,0,78939
14.955,75.4573,0,78831
14.968,75.3477,0,78712
14.979,75.2732,0,78608
14.99,75.1921,0,78504
15.001,75.0821,0,78398
15.011,74.991,0,78303
15.022,74.9173,0,78201
15.033,74.8411,0,78098
15.044,74.7458,0,77988
15.056,74.6569,0,77881
15.069,74.5585,0,77758
15.08,74.4869,0,77652
15.09,74.4105,0,77550
15.101,74.3128,0,77446
15.111,74.2333,0,77353
15.122,74.1625,0,77250
15.132,74.0885,0,77152
15.142,74.013,0,77063
15.153,73.9213,0,76953
15.165,73.8443,0,76846
15.175,73.7718,0,76744
15.187,73.6955,0,76636
15.198,73.5879,0,76528
15.208,73.5094,0,76433
15.218,73.4406,0,76337
15.229,73.3677,0,76234
15.239,73.2926,0,76142
15.251,73.2103,0,76028
15.261,73.1354,0,75933
15.272,73.0507,0,75830
15.283,72.9705,0,75727
15.294,72.8781,0,75617
15.305,72.801,0,75515
15.318,72.7027,0,75394
15.328,72.6233,0,75293
15.339,72.5459,0,75197
15.35,72.4608,0,75083
15.361,72.3843,0,74986
15.374,72.298,0,74865
15.384,72.2261,0,74765
15.396,72.1304,0,74655
15.406,72.0432,0,74553
15.416,71.9718,0,74463
15.427,71.8923,0,74358
15.438,71.8154,0,74256
15.449,71.6956,0,74149
15.459,71.6032,0,74054
15.472,71.5114,0,73934
15.482,71.4306,0,73839
15.492,71.3502,0,73744
15.502,71.2673,0,73643
15.512,71.1835,0,73553
15.525,71.0916,0,73428
15.535,71.0096,0,73331
15.547,70.9169,0,73217
15.557,70.8429,0,73120
15.567,70.7765,0,73032
15.577,70.7091,0,72938
15.587,70.6383,0,72843
15.598,70.5542,0,72737
15.608,70.4489,0,72640
15.621,70.3624,0,72517
15.632,70.277,0,72416
15.642,70.1957,0,72320
15.653,70.1171,0,72214
15.663,70.0465,0,72117
15.673,69.9773,0,72023
15.683,69.9,0,71930
15.695,69.8115,0,71819
15.705,69.7357,0,71717
15.717,69.6638,0,71608
15.727,69.5903,0,71514
15.74,69.4862,0,71392
15.751,69.4075,0,71280
15.762,69.3345,0,71182
15.773,69.2501,0,71079
15.786,69.1538,0,70953
15.797,69.0698,0,70852
15.807,68.9899,0,70751
15.819,68.8928,0,70642
15.829,68.8212,0,70545
15.839,68.747,0,70449
15.85,68.6678,0,70340
15.86,68.5914,0,70251
15.872,68.5048,0,70134
15.882,68.4337,0,70038
15.892,68.3639,0,69943
15.903,68.2857,0,69843
15.915,68.1967,0,69728
15.926,68.1267,0,69627
15.936,68.0551,0,69532
15.947,67.9721,0,69422
15.957,67.8971,0,69325
15.969,67.8044,0,69214
15.979,67.7364,0,69118
15.989,67.6637,0,69022
16.0,67.5823,0,68919
16.012,67.4919,0,68804
16.022,67.4399,0,68713
16.032,67.3602,0,68616
16.042,67.2859,0,68520
16.053,67.2094,0,68417
16.063,67.1371,0,68326
16.076,67.057,0,68203
16.086,66.9819,0,68106
16.097,66.9004,0,68003
16.107,66.8258,0,67902
16.119,66.7562,0,67796
16.129,66.6743,0,67696
16.139,66.5962,0,67599
16.151,66.5134,0,67489
16.163,66.4245,0,67376
16.176,66.3419,0,67253
16.186,66.2733,0,67157
16.197,66.191,0,67054
16.207,66.1225,0,66954
16.219,66.0543,0,66846
16.229,65.9692,0,66745
16.239,65.8933,0,66649
16.251,65.8129,0,66540
16.263,65.7188,0,66427
16.273,65.6523,0,66335
16.283,65.5825,0,66237
16.293,65.5141,0,66144
16.303,65.4387,0,66045
16.313,65.3663,0,65954
16.323,65.3008,0,65859
16.333,65.2322,0,65765
16.343,65.1617,0,65670
16.354,65.0832,0,65568
16.366,64.9973,0,65446
16.376,64.9289,0,65352
16.386,64.8607,0,65257
16.397,64.7738,0,65154
16.408,64.6978,0,65054
16.419,64.6292,0,64946
16.43,64.5437,0,64845
16.44,64.4891,0,64749
16.451,64.3876,0,64640
16.463,64.2851,0,64527
16.473,64.2313,0,64438
16.483,64.1527,0,64341
16.493,64.0728,0,64245
16.503,63.9926,0,64146
16.513,63.9329,0,64056
16.523,63.8684,0,63964
16.533,63.7815,0,63867
16.543,63.7494,0,63775
16.553,63.6731,0,63676
16.563,63.5651,0,63583
16.573,63.4934,0,63491
16.583,63.4117,0,63394
16.593,63.3151,0,63298
16.604,63.2258,0,63200
16.615,63.1296,0,63087
16.626,63.0624,0,62988
16.64,62.9603,0,62858
16.651,62.835,0,62752
16.663,62.7141,0,62636
16.673,62.6506,0,62543
16.683,62.549,0,62448
16.693,62.4521,0,62352
16.704,62.3529,0,62254
16.717,62.2424,0,62131
16.727,62.1536,0,62036
16.737,62.0618,0,61941
16.748,61.9527,0,61836
16.758,61.8883,0,61737
16.77,61.7707,0,61631
16.781,61.6494,0,61525
16.791,61.5581,0,61433
16.801,61.4517,0,61332
16.813,61.3266,0,61224
16.823,61.2334,0,61128
16.833,61.1605,0,61032
16.843,61.0726,0,60936
16.854,60.9549,0,60835
16.865,60.8318,0,60731
16.876,60.7355,0,60622
16.887,60.6593,0,60525
16.898,60.5425,0,60420
16.908,60.434,0,60321
16.92,60.3394,0,60207
16.931,60.2339,0,60110
16.941,60.1578,0,60014
16.952,60.0281,0,59911
16.964,59.9163,0,59797
16.977,59.8052,0,59672
16.987,59.7078,0,59577
16.998,59.5882,0,59473
17.008,59.5007,0,59374
17.021,59.3879,0,59256
17.031,59.3042,0,59161
17.041,59.2191,0,59066
17.052,59.1288,0,58957
17.064,59.0187,0,58848
17.074,58.9422,0,58755
17.084,58.8562,0,58660
17.094,58.7698,0,58564
17.104,58.6766,0,58466
17.114,58.5991,0,58376
17.127,58.5117,0,58249
17.137,58.4277,0,58159
17.149,58.3175,0,58046
17.159,58.2234,0,57949
17.171,58.1375,0,57834
17.181,58.0582,0,57738
17.191,57.9498,0,57640
17.202,57.8442,0,57539
17.214,57.7409,0,57426
17.224,57.6767,0,57332
17.234,57.5974,0,57236
17.244,57.5159,0,57140
17.255,57.408,0,57041
17.268,57.3138,0,56916
17.278,57.2232,0,56822
17.288,57.1329,0,56727
17.298,57.0351,0,56624
17.309,56.946,0,56525
17.321,56.8672,0,56410
17.331,56.7864,0,56312
17.342,56.7039,0,56215
17.353,56.5804,0,56109
17.364,56.4561,0,55997
17.374,56.3759,0,55904
17.384,56.3006,0,55809
17.394,56.2168,0,55714
17.405,56.1214,0,55616
17.417,56.0259,0,55498
17.428,55.9463,0,55398
17.441,55.8437,0,55267
17.453,55.7162,0,55160
17.464,55.5955,0,55049
17.474,55.529,0,54955
17.484,55.4365,0,54859
17.494,55.3485,0,54765
17.505,55.2503,0,54666
17.517,55.1438,0,54547
17.528,55.0735,0,54448
17.542,54.9717,0,54317
17.553,54.8448,0,54208
17.563,54.7448,0,54117
17.574,54.6386,0,54004
17.584,54.5482,0,53909
17.595,54.4567,0,53814
17.605,54.3656,0,53715
17.617,54.2473,0,53601
17.628,54.1599,0,53501
17.642,54.0421,0,53366
17.653,53.9094,0,53262
17.664,53.7961,0,53150
17.674,53.7158,0,53060
17.684,53.623,0,52962
17.695,53.5278,0,52864
17.705,53.4129,0,52766
17.715,53.3165,0,52674
17.725,53.2276,0,52580
17.735,53.1256,0,52484
17.745,53.0235,0,52389
17.756,52.8968,0,52285
17.769,52.7655,0,52159
17.782,52.6286,0,52034
17.792,52.5569,0,51937
17.803,52.4465,0,51840
17.814,52.3548,0,51732
17.825,52.2006,0,51625
17.835,52.0986,0,51536
17.845,52.0208,0,51443
17.856,51.8919,0,51340
17.867,51.7582,0,51227
17.878,51.6806,0,51130
17.888,51.5888,0,51032
17.899,51.4648,0,50928
17.91,51.3485,0,50830
17.921,51.2602,0,50723
17.931,51.1716,0,50628
17.944,51.0387,0,50508
17.955,50.9314,0,50403
17.965,50.8323,0,50310
17.976,50.7192,0,50198
17.986,50.628,0,50112
17.997,50.5098,0,50001
18.007,50.4097,0,49904
18.017,50.3316,0,49814
18.028,50.2509,0,49714
18.041,50.1435,0,49582
18.053,50.0313,0,49477
18.065,49.8982,0,49362
18.077,49.7895,0,49247
18.088,49.6999,0,49146
18.099,49.5839,0,49037
18.11,49.4893,0,48937
18.122,49.3985,0,48817
18.133,49.3083,0,48721
18.145,49.1745,0,48606
18.155,49.0687,0,48504
18.165,48.9743,0,48414
18.176,48.8567,0,48305
18.186,48.7598,0,48218
18.197,48.6433,0,48105
18.208,48.5428,0,48009
18.218,48.4643,0,47909
18.229,48.3733,0,47810
18.242,48.2545,0,47680
18.254,48.1177,0,47571
18.266,47.978,0,47461
18.278,47.8747,0,47339
18.288,47.7781,0,47245
18.3,47.6569,0,47138
18.31,47.5463,0,47039
18.322,47.4494,0,46928
18.332,47.347,0,46835
18.343,47.1955,0,46724
18.355,47.075,0,46615
18.365,46.9618,0,46522
18.376,46.8294,0,46414
18.386,46.7239,0,46323
18.396,46.6364,0,46228
18.406,46.509,0,46132
18.418,46.3842,0,46019
18.428,46.279,0,45925
18.441,46.1516,0,45799
18.452,46.0299,0,45690
18.462,45.9137,0,45600
18.474,45.7764,0,45482
18.484,45.6767,0,45394
18.496,45.5608,0,45280
18.506,45.4482,0,45183
18.518,45.3128,0,45072
18.531,45.1886,0,44944
18.544,45.0415,0,44823
18.555,44.9211,0,44716
18.565,44.8115,0,44623
18.576,44.6796,0,44516
18.586,44.5955,0,44426
18.596,44.4938,0,44331
18.606,44.3751,0,44234
18.618,44.2395,0,44124
18.631,44.1128,0,44000
18.644,43.9795,0,43878
18.655,43.8367,0,43772
18.666,43.6895,0,43662
18.676,43.6118,0,43572
18.686,43.5117,0,43477
18.696,43.4051,0,43382
18.706,43.289,0,43285
18.718,43.1527,0,43177
18.731,43.024,0,43052
18.744,42.9051,0,42930
18.755,42.7748,0,42821
18.765,42.6602,0,42727
18.776,42.5332,0,42619
18.786,42.4489,0,42527
18.796,42.3505,0,42433
18.806,42.2352,0,42336
18.816,42.1327,0,42248
18.827,41.9996,0,42135
18.837,41.8984,0,42048
18.848,41.7811,0,41939
18.859,41.6618,0,41835
18.87,41.5485,0,41727
18.884,41.4302,0,41603
18.896,41.2948,0,41490
18.906,41.1796,0,41389
18.916,41.0738,0,41298
18.927,40.943,0,41187
18.937,40.8403,0,41100
18.948,40.7298,0,40990
18.958,40.6343,0,40902
18.97,40.4963,0,40788
18.983,40.3978,0,40661
18.995,40.2569,0,40543
19.006,40.143,0,40441
19.016,40.0403,0,40350
19.026,39.9396,0,40249
19.036,39.8544,0,40158
19.048,39.7325,0,40048
19.059,39.6254,0,39944
19.072,39.5058,0,39816
19.085,39.3743,0,39696
19.095,39.3052,0,39602
19.106,39.1632,0,39497
19.116,39.0602,0,39404
19.127,38.9522,0,39297
19.138,38.8261,0,39186
19.148,38.7224,0,39095
19.159,38.6058,0,38994
19.172,38.4807,0,38867
19.185,38.3292,0,38746
19.195,38.2513,0,38655
19.205,38.0996,0,38554
19.215,37.9849,0,38458
19.227,37.8667,0,38352
19.238,37.7359,0,38242
19.248,37.6282,0,38153
19.258,37.5073,0,38050
19.268,37.3923,0,37958
19.279,37.2747,0,37850
19.289,37.1705,0,37762
19.3,37.04,0,37651
19.311,36.9195,0,37550
19.321,36.8083,0,37459
19.334,36.6931,0,37333
19.346,36.5373,0,37219
19.357,36.4112,0,37117
19.367,36.2933,0,37025
19.378,36.1462,0,36915
19.389,36.1462,0,36816
19.4,35.9243,0,36707
19.411,35.7805,0,36606
19.421,35.6518,0,36515
19.434,35.5244,0,36389
19.446,35.3682,0,36276
19.457,35.2336,0,36177
19.468,35.0806,0,36067
19.479,34.9603,0,35963
19.489,34.8566,0,35870
19.499,34.7481,0,35782
19.509,34.6242,0,35683
19.519,34.5103,0,35592
19.533,34.3789,0,35464
19.545,34.2418,0,35345
19.556,34.0817,0,35240
19.566,33.9508,0,35147
19.577,33.8287,0,35042
19.587,33.7221,0,34952
19.599,33.5701,0,34840
19.609,33.4395,0,34741
19.619,33.3228,0,34651
19.63,33.1896,0,34539
19.644,33.063,0,34408
19.656,32.9048,0,34301
19.666,32.7779,0,34206
19.677,32.6983,0,34102
19.688,32.5835,0,33998
19.699,32.4019,0,33892
19.709,32.2707,0,33796
19.719,32.1548,0,33709
19.73,32.0303,0,33604
19.744,31.8971,0,33472
19.755,31.7712,0,33364
19.767,31.6215,0,33256
19.778,31.486,0,33150
19.788,31.399,0,33062
19.799,31.2663,0,32952
19.81,31.1556,0,32855
19.821,31.0216,0,32743
19.835,30.9034,0,32617
19.846,30.752,0,32508
19.857,30.6342,0,32407
19.867,30.5214,0,32317
19.878,30.4072,0,32210
19.889,30.2778,0,32102
19.899,30.1785,0,32014
19.909,30.0636,0,31914
19.919,29.9492,0,31824
19.93,29.8408,0,31718
19.944,29.7215,0,31587
19.955,29.6019,0,31481
19.967,29.4502,0,31371
19.978,29.3352,0,31262
19.99,29.2029,0,31156
20.001,29.073,0,31046
20.012,28.9486,0,30947
20.026,28.8244,0,30812
20.037,28.6734,0,30704
20.047,28.5643,0,30614
20.058,28.4285,0,30510
20.069,28.2714,0,30401
20.079,28.1643,0,30311
20.089,28.0473,0,30218
20.101,27.9173,0,30107
20.111,27.7794,0,30004
20.121,27.6549,0,29912
20.135,27.5268,0,29781
20.147,27.3548,0,29667
20.158,27.2113,0,29566
20.17,27.0454,0,29455
20.181,26.9107,0,29342
20.195,26.7591,0,29212
20.206,26.6037,0,29114
20.217,26.419,0,29003
20.229,26.2759,0,28896
20.24,26.1053,0,28789
20.252,25.9428,0,28676
20.262,25.8045,0,28578
20.272,25.6771,0,28485
20.286,25.5434,0,28356
20.298,25.3631,0,28244
20.308,25.2209,0,28146
20.318,25.1032,0,28054
20.329,24.9689,0,27948
20.34,24.8085,0,27841
20.35,24.6916,0,27750
20.36,24.5647,0,27652
20.37,24.4418,0,27562
20.381,24.3101,0,27453
20.395,24.1728,0,27322
20.405,24.0437,0,27223
20.415,23.9261,0,27135
20.427,23.8072,0,27022
20.438,23.6525,0,26916
20.448,23.5435,0,26825
20.458,23.4195,0,26724
20.468,23.2979,0,26634
20.479,23.177,0,26526
20.491,23.0402,0,26419
20.502,22.905,0,26310
20.512,22.7831,0,26211
20.524,22.6659,0,26103
20.536,22.5595,0,25990
20.548,22.4083,0,25878
20.558,22.2833,0,25777
20.568,22.171,0,25690
20.58,22.0601,0,25576
20.591,21.9389,0,25468
20.602,21.8079,0,25360
20.613,21.6922,0,25264
20.624,21.5822,0,25154
20.636,21.4767,0,25039
20.646,21.3699,0,24952
20.657,21.237,0,24843
20.668,21.0817,0,24740
20.678,20.9742,0,24645
20.69,20.8596,0,24536
20.701,20.7217,0,24429
20.712,20.6063,0,24322
20.723,20.4703,0,24220
20.735,20.3623,0,24111
20.748,20.2303,0,23984
20.759,20.0766,0,23884
20.77,19.9503,0,23777
20.78,19.8413,0,23683
20.791,19.6956,0,23576
20.803,19.551,0,23465
20.813,19.4319,0,23370
20.824,19.3103,0,23261
20.837,19.1867,0,23145
20.848,19.0114,0,23034
20.858,18.929,0,22945
20.869,18.7606,0,22843
20.879,18.6372,0,22748
20.89,18.5128,0,22637
20.9,18.4037,0,22545
20.911,18.2759,0,22444
20.923,18.116,0,22327
20.937,17.964,0,22197
20.949,17.7976,0,22086
20.96,17.6719,0,21981
20.97,17.5479,0,21887
20.981,17.3971,0,21780
20.991,17.2846,0,21688
21.001,17.1945,0,21593
21.011,17.0494,0,21496
21.022,16.9185,0,21390
21.032,16.8055,0,21296
21.046,16.6812,0,21163
21.058,16.5501,0,21050
21.069,16.3883,0,20947
21.079,16.2699,0,20853
21.091,16.1578,0,20742
21.101,16.06,0,20645
21.111,15.9127,0,20549
21.122,15.7891,0,20444
21.132,15.683,0,20350
21.145,15.5546,0,20225
21.157,15.4135,0,20111
21.169,15.2415,0,20004
21.179,15.1183,0,19909
21.19,14.997,0,19800
21.202,14.8399,0,19692
21.213,14.7008,0,19587
21.224,14.5486,0,19485
21.235,14.4286,0,19372
21.245,14.3276,0,19281
21.258,14.1751,0,19156
21.269,14.0134,0,19054
21.279,13.871,0,18960
21.289,13.7947,0,18870
21.299,13.6863,0,18773
21.309,13.5507,0,18674
21.32,13.3792,0,18568
21.33,13.2672,0,18474
21.34,13.1656,0,18388
21.351,13.0189,0,18276
21.361,12.9319,0,18188
21.372,12.7906,0,18086
21.382,12.6793,0,17991
21.395,12.5557,0,17864
21.407,12.4166,0,17750
21.418,12.2807,0,17644
21.428,12.1768,0,17550
21.44,12.0198,0,17443
21.451,11.8911,0,17332
21.461,11.7836,0,17244
21.471,11.6284,0,17142
21.481,11.5095,0,17047
21.491,11.4255,0,16954
21.502,11.3248,0,16858
21.512,11.1827,0,16763
21.523,11.0576,0,16657
21.533,10.9477,0,16562
21.547,10.8203,0,16430
21.559,10.6967,0,16317
21.57,10.5732,0,16214
21.58,10.4342,0,16120
21.591,10.3225,0,16010
21.602,10.2313,0,15912
21.614,10.1209,0,15799
21.625,9.9587,0,15695
21.637,9.8417,0,15580
21.65,9.7324,0,15465
21.661,9.6058,0,15359
21.672,9.4953,0,15260
21.682,9.3996,0,15169
21.694,9.2965,0,15060
21.706,9.1931,0,14947
21.716,9.1012,0,14862
21.728,8.9904,0,14753
21.74,8.9003,0,14651
21.75,8.834,0,14562
21.761,8.7225,0,14462
21.772,8.6081,0,14368
21.782,8.525,0,14282
21.795,8.4462,0,14173
21.807,8.3596,0,14066
21.819,8.2572,0,13967
21.829,8.1767,0,13882
21.84,8.0766,0,13789
21.85,8.0327,0,13704
21.861,7.9107,0,13610
21.872,7.7843,0,13520
21.882,7.7011,0,13437
21.892,7.6447,0,13358
21.902,7.5738,0,13273
21.913,7.4627,0,13185
21.924,7.3642,0,13095
21.935,7.2776,0,13004
21.945,7.198,0,12929
21.955,7.1149,0,12847
21.965,7.0209,0,12767
21.976,6.8998,0,12675
21.989,6.8027,0,12570
22.0,6.7082,0,12488
22.01,6.5947,0,12406
22.021,6.4462,0,12317
22.031,6.337,0,12239
22.041,6.2382,0,12168
22.053,6.1264,0,12075
22.064,5.9977,0,11987
22.075,5.8752,0,11910
22.088,5.7418,0,11839
22.1,5.6281,0,11786
22.111,5.4934,0,11752
22.122,5.4166,0,11726
22.132,5.3857,0,11708
22.142,5.3898,0,11695
22.152,5.4056,0,11684
22.164,5.4275,0,11676
22.175,5.4486,0,11670
22.186,5.4652,0,11667
22.197,5.4805,0,11664
22.21,5.4913,0,11662
22.22,5.4838,0,11662
22.23,5.4813,0,11662
22.24,5.4708,0,11662
22.251,5.4629,0,11662
22.262,5.4542,0,11663
22.273,5.4441,0,11663
22.284,5.4405,0,11663
22.298,5.432,0,11663
22.31,5.4229,0,11663
22.321,5.4153,0,11663
22.332,5.4119,0,11663
22.342,5.4149,0,11663
22.353,5.4185,0,11663
22.363,5.4229,0,11663
22.373,5.4246,0,11663
22.385,5.4251,0,11663
22.397,5.4247,0,11663
22.41,5.4244,0,11663
22.421,5.4325,0,11663
22.433,5.4344,0,11663
22.443,5.4348,0,11663
22.453,5.4365,0,11663
22.463,5.4376,0,11663
22.474,5.438,0,11663
22.486,5.4414,0,11663
22.497,5.4434,0,11663
22.511,5.4442,0,11663
22.521,5.4444,0,11663
22.533,5.4445,0,11663
22.543,5.4442,0,11663
22.553,5.4438,0,11663
22.563,5.4436,0,11663
22.573,5.445,0,11663
22.583,5.4485,0,11663
22.593,5.4529,0,11663
22.603,5.4544,0,11663
22.613,5.4549,0,11663
22.624,5.4622,0,11663
22.637,5.4675,0,11663
22.648,5.4686,0,11663
22.661,5.469,0,11663
22.672,5.4718,0,11663
22.683,5.474,0,11663
22.693,5.4744,0,11663
22.703,5.4754,0,11663
22.713,5.4767,0,11663
22.724,5.4817,0,11663
22.737,5.4851,0,11663
22.748,5.4858,0,11663
22.761,5.4861,0,11663
22.772,5.4862,0,11663
22.783,5.4862,0,11663
22.793,5.4862,0,11663
22.804,5.4895,0,11663
22.816,5.4953,0,11663
22.828,5.4962,0,11663
22.838,5.4963,0,11663
22.848,5.501,0,11663
22.861,5.5045,0,11663
22.872,5.5052,0,11663
22.883,5.5054,0,11663
22.894,5.5054,0,11663
22.904,0.0,0,0
22.914,0.0,0,0
22.924,0.0,0,0
22.938,0.0,0,0
22.948,0.0,0,0
22.961,0.0,0,0
22.972,0.0,0,0
22.984,0.0,0,0
22.994,0.0,0,0
23.004,0.0,0,0
23.014,0.0,0,0
23.028,0.0,0,0
23.039,0.0,0,0
23.049,0.0,0,0
23.062,0.0,0,0
23.072,0.0,0,0
23.082,0.0,0,0
23.092,0.0,0,0
23.102,0.0,0,0
23.112,0.0,0,0
23.122,0.0,0,0
23.132,0.0,0,0
23.142,0.0,0,0
23.152,0.0,0,0
23.162,0.0,0,0
23.173,0.0301,0,0
23.184,0.0373,0,0
23.194,0.0388,0,0
23.204,0.0191,0,0
23.214,0.0184,0,0
23.225,0.0345,0,0
23.239,0.0383,0,0
23.249,0.0391,0,0
23.262,0.0395,0,0
23.273,0.0395,0,0
23.284,0.0396,0,0
23.294,0.0479,0,0
23.305,0.0532,0,0
23.317,0.0553,0,0
23.329,0.0557,0,0
23.339,0.0559,0,0
23.349,0.0559,0,0
23.362,0.0559,0,0
23.373,0.056,0,0
23.384,0.0624,0,0
23.394,0.0664,0,0
23.405,0.0678,0,0
23.417,0.0684,0,0
23.429,0.0685,0,0
23.439,0.0685,0,0
23.449,0.0685,0,0
23.462,0.0685,0,0
23.473,0.0717,0,0
23.484,0.0773,0,0
23.495,0.0785,0,0
23.505,0.0837,0,0
23.515,0.0868,0,0
23.529,0.0881,0,0
23.539,0.0939,0,0
23.55,0.0959,0,0
23.562,0.1026,0,0
23.572,0.104,0,0
23.583,0.1066,0,0
23.593,0.1121,0,0
23.603,0.1184,0,0
23.613,0.1228,0,0
23.624,0.1246,0,0
23.635,0.128,0,0
23.645,0.1331,0,0
23.655,0.1357,0,0
23.665,0.1366,0,0
23.679,0.1425,0,0
23.69,0.1462,0,0
23.7,0.1474,0,0
23.713,0.1479,0,0
23.724,0.148,0,0
23.735,0.1507,0,0
23.745,0.1549,0,0
23.756,0.1571,0,0
23.768,0.158,0,0
23.779,0.1606,0,0
23.79,0.1623,0,0
23.8,0.1628,0,0
23.813,0.1667,0,0
23.824,0.1676,0,0
23.835,0.1678,0,0
23.845,0.1702,0,0
23.856,0.1717,0,0
23.868,0.1723,0,0
23.879,0.1747,0,0
23.89,0.1762,0,0
23.9,0.1795,0,0
23.913,0.1809,0,0
23.925,0.1812,0,0
23.935,0.1834,0,0
23.945,0.1848,0,0
23.957,0.1853,0,0
23.968,0.1909,0,0
23.98,0.1928,0,0
23.99,0.1935,0,0
24.0,0.1989,0,0
24.013,0.2045,0,0
24.025,0.211,0,0
24.035,0.2124,0,0
24.046,0.2183,0,0
24.057,0.2219,0,0
24.068,0.2234,0,0
24.08,0.2272,0,0
24.09,0.2295,0,0
24.101,0.2347,0,0
24.113,0.2402,0,0
24.123,0.2426,0,0
24.133,0.2486,0,0
24.144,0.2526,0,0
24.154,0.2551,0,0
24.164,0.256,0,0
24.174,0.2581,0,0
24.184,0.2609,0,0
24.194,0.2637,0,0
24.205,0.2667,0,0
24.215,0.2695,0,0
24.228,0.2745,0,0
24.239,0.2761,0,0
24.25,0.2781,0,0
24.26,0.2828,0,0
24.273,0.2868,0,0
24.283,0.2892,0,0
24.294,0.2936,0,0
24.304,0.2969,0,0
24.314,0.2981,0,0
24.325,0.2986,0,0
24.335,0.301,0,0
24.346,0.3046,0,0
24.358,0.3058,0,0
24.371,0.3063,0,0
24.381,0.3064,0,0
24.392,0.3131,0,0
24.403,0.3153,0,0
24.413,0.3161,0,0
24.424,0.3193,0,0
24.435,0.3239,0,0
24.445,0.3254,0,0
24.455,0.326,0,0
24.465,0.3262,0,0
24.477,0.3262,0,0
24.488,0.3323,0,0
24.499,0.3384,0,0
24.509,0.3446,0,0
24.522,0.3527,0,0
24.533,0.3578,0,0
24.543,0.3666,0,0
24.553,0.3764,0,0
24.563,0.3864,0,0
24.573,0.3899,0,0
24.583,0.3937,0,0
24.594,0.4014,0,0
24.605,0.4058,0,0
24.616,0.4099,0,0
24.629,0.4157,0,0
24.64,0.4245,0,0
24.65,0.4362,0,0
24.664,0.4409,0,0
24.675,0.4512,0,0
24.686,0.4583,0,0
24.696,0.4626,0,0
24.707,0.4666,0,0
24.718,0.469,0,0
24.73,0.4695,0,0
24.74,0.4722,0,0
24.75,0.4771,0,0
24.76,0.4852,0,0
24.773,0.4957,0,0
24.783,0.5029,0,0
24.794,0.5088,0,0
24.805,0.5142,0,0
24.816,0.5242,0,0
24.826,0.5299,0,0
24.836,0.5347,0,0
24.846,0.543,0,0
24.856,0.5524,0,0
24.866,0.5583,0,0
24.876,0.5635,0,0
24.886,0.5701,0,0
24.896,0.5786,0,0
24.907,0.5843,0,0
24.918,0.5926,0,0
24.929,0.5966,0,0
24.94,0.598,0,0
24.954,0.5986,0,0
24.966,0.6071,0,0
24.978,0.6115,0,0
24.989,0.615,0,0
25.0,0.6228,0,0
25.01,0.6271,0,0
25.023,0.6353,0,0
25.033,0.6402,0,0
25.044,0.6459,0,0
25.054,0.6503,0,0
25.064,0.6557,0,0
25.076,0.6659,0,0
25.086,0.6708,0,0
25.096,0.6758,0,0
25.107,0.6828,0,0
25.119,0.6919,0,0
25.13,0.6957,0,0
25.14,0.7022,0,0
25.15,0.7058,0,0
25.16,0.7116,0,0
25.173,0.7154,0,0
25.184,0.7226,0,0
25.194,0.7282,0,0
25.204,0.734,0,0
25.214,0.736,0,0
25.226,0.744,0,0
25.236,0.7491,0,0
25.246,0.7549,0,0
25.256,0.7597,0,0
25.266,0.7646,0,0
25.276,0.7663,0,0
25.286,0.7696,0,0
25.296,0.774,0,0
25.307,0.7788,0,0
25.318,0.7853,0,0
25.329,0.7917,0,0
25.34,0.7953,0,0
25.35,0.7991,0,0
25.36,0.8035,0,0
25.373,0.8061,0,0
25.384,0.813,0,0
25.394,0.8154,0,0
25.404,0.8187,0,0
25.414,0.8236,0,0
25.426,0.8284,0,0
25.437,0.8334,0,0
25.447,0.8385,0,0
25.457,0.8439,0,0
25.468,0.846,0,0
25.478,0.8512,0,0
25.489,0.8543,0,0
25.5,0.8554,0,0
25.51,0.8613,0,0
25.523,0.8655,0,0
25.534,0.8693,0,0
25.545,0.8736,0,0
25.557,0.8785,0,0
25.567,0.8837,0,0
25.577,0.8868,0,0
25.587,0.8911,0,0
25.597,0.8944,0,0
25.607,0.9004,0,0
25.617,0.9039,0,0
25.63,0.9105,0,0
25.641,0.9141,0,0
25.655,0.9155,0,0
25.667,0.923,0,0
25.68,0.9248,0,0
25.691,0.9277,0,0
25.701,0.9321,0,0
25.711,0.9343,0,0
25.724,0.9384,0,0
25.734,0.9436,0,0
25.745,0.9453,0,0
25.755,0.9486,0,0
25.767,0.9537,0,0
25.777,0.9565,0,0
25.787,0.9609,0,0
25.797,0.9642,0,0
25.807,0.9665,0,0
25.817,0.9705,0,0
25.827,0.9738,0,0
25.837,0.9764,0,0
25.847,0.9802,0,0
25.857,0.9829,0,0
25.867,0.9839,0,0
25.877,0.9859,0,0
25.887,0.9899,0,0
25.897,0.993,0,0
25.908,0.9941,0,0
25.919,0.9973,0,0
25.93,1.0016,0,0
25.941,1.0037,0,0
25.951,1.0044,0,0
25.961,1.0071,0,0
25.973,1.012,0,0
25.985,1.0134,0,0
25.995,1.0139,0,0
26.006,1.014,0,0
26.017,1.0141,0,0
26.027,1.0141,0,0
26.037,1.0141,0,0
26.047,1.0141,0,0
26.057,1.0141,0,0
26.067,1.0141,0,0
26.077,1.0141,0,0
26.088,1.0141,0,0
26.098,1.0141,0,0
26.108,1.0141,0,0
26.119,1.0141,0,0
26.131,1.0141,0,0
26.141,1.0141,0,0
26.151,1.0141,0,0
26.162,1.0141,0,0
26.174,1.0141,0,0
26.185,1.0141,0,0
26.195,1.0141,0,0
26.206,1.0141,0,0
26.217,1.0141,0,0
26.227,1.0141,0,0
26.238,1.0141,0,0
26.248,1.0141,0,0
26.258,1.0141,0,0
26.268,1.0141,0,0
26.278,1.0141,0,0
26.288,1.0141,0,0
26.298,1.0141,0,0
26.309,1.0141,0,0
26.32,1.0141,0,0
26.331,1.0141,0,0
26.342,1.0141,0,0
26.352,1.0141,0,0
26.362,1.0141,0,0
26.375,1.0141,0,0
26.385,1.0141,0,0
26.396,1.0141,0,0
26.407,1.0141,0,0
26.417,1.0141,0,0
26.427,1.0141,0,0
26.438,1.0141,0,0
26.448,1.0141,0,0
26.459,1.0141,0,0
26.47,1.0141,0,0
26.481,1.0141,0,0
26.492,1.0141,0,0
26.503,1.0141,0,0
26.514,1.0141,0,0
26.524,1.0141,0,0
26.535,1.0141,0,0
26.546,1.0141,0,0
26.556,1.0141,0,0
26.568,1.0141,0,0
26.578,1.0141,0,0
26.589,1.0141,0,0
